Workbook

Sheet Sheet1
A1: Big Chances | B1: Scored | C1: Missed | D1: Created | E1: Total Shots | F1: On Target | G1: Off Target | H1: Blocked | I1: Shots Inside Box | J1: Shots Outside Box | K1: Corners | L1: Corners led to an attempt | M1: Corners led to goal | N1: Opps Corners | O1: Opps Corners led to an attempt | P1: Opps Corners led to goal | Q1: Fouls for | R1: Fouls led to an attempt | S1: Fouls led to goal | T1: Fouls Against | U1: Opps Fouls led to an attempt | V1: Opps Fouls led to goal | W1: Fouls Won | X1: Fouls Commited | Y1: Total Offensive Duels | Z1: Offensive Duels Won | AA1: Offensive Duels % | AB1: Total Defensive Duels | AC1: Defensive Duels Won | AD1: Defensive Duels % | AE1: Total Aerial Duels | AF1: Aerial Duels Won | AG1: Aerial Duels % | AH1: Total Long Balls | AI1: Successful Long Balls | AJ1: Long Balls % | AK1: Possession Lost Own Half | AL1: Possession Lost Own Half led to a shot | AM1: Possession Lost Opps Half | AN1: Possession Lost Opps Half led to a shot | AO1: Ball Recoveries Own Half | AP1: Ball Recoveries Own Half led to a shot | AQ1: Ball Recoveries Opps Half | AR1: Ball Recoveries Opps Half led to a shot | AS1: Opponent | AT1: Competition | AU1: Goals Scored | AV1: Goals Conceded | AW1: Yellow Cards | AX1: Red Cards | AY1: Outcome | AZ1: Round | BA1: Location | BB1: Surface | BC1: Game ID | BD1: Date
A2: =B2+C2 -> 2 | B2: =SUM(Sheet2!K:K) -> 0 | C2: =SUM(Sheet2!L:L) -> 2 | D2: =SUM(Sheet2!M:M) -> 0 | E2: =F2+G2+H2 -> 11 | F2: =SUM(Sheet2!E:E) + SUM(Sheet2!H:H) -> 5 | G2: =SUM(Sheet2!F:F) + SUM(Sheet2!I:I) -> 5 | H2: =SUM(Sheet2!G:G) + SUM(Sheet2!J:J) -> 1 | I2: =SUM(Sheet2!E:E) + SUM(Sheet2!F:F) + SUM(Sheet2!G:G) -> 5 | J2: =SUM(Sheet2!H:H) + SUM(Sheet2!I:I) + SUM(Sheet2!J:J) -> 6 | K2: 2 | L2: 0 | M2: 0 | N2: 5 | O2: 2 | P2: 0 | Q2: 1 | R2: 0 | S2: 0 | T2: 8 | U2: 2 | V2: 0 | W2: =SUM(Sheet2!AR:AR) -> 12 | X2: =SUM(Sheet2!AS:AS) -> 28 | Y2: =SUM(Sheet2!Z:Z) -> 38 | Z2: =SUM(Sheet2!AA:AA) -> 19 | AA2: =Z2/Y2 -> 0.5 | AB2: =SUM(Sheet2!AB:AB) -> 26 | AC2: =SUM(Sheet2!AC:AC) -> 15 | AD2: =AC2/AB2 -> 0.57692308 | AE2: =SUM(Sheet2!AD:AD) -> 53 | AF2: =SUM(Sheet2!AE:AE) -> 31 | AG2: =AF2/AE2 -> 0.58490566 | AH2: =SUM(Sheet2!X:X) -> 32 | AI2: =SUM(Sheet2!Y:Y) -> 15 | AJ2: =AI2/AH2 -> 0.46875 | AK2: =SUM(Sheet2!AJ:AJ) -> 4 | AL2: =SUM(Sheet2!AK:AK) -> 0 | AM2: =SUM(Sheet2!AL:AL) -> 45 | AN2: =SUM(Sheet2!AM:AM) -> 0 | AO2: =SUM(Sheet2!AN:AN) -> 28 | AP2: =SUM(Sheet2!AO:AO) -> 0 | AQ2: =SUM(Sheet2!AP:AP) -> 12 | AR2: =SUM(Sheet2!AQ:AQ) -> 2 | AS2: Ακριτες Συκεων | AT2: Πρωταθλημα | AU2: 3 | AV2: 1 | AW2: =SUM(Sheet2!AY:AY) -> 6 | AX2: =SUM(Sheet2!AZ:AZ) -> 0 | AY2: Νικη | AZ2: 1 | BA2: Εντος | BB2: Πλαστικο | BC2: 4 | BD2: 46306

Sheet Sheet2
A1: ΝΑΜΕ | B1: POSITION | C1: MINUTES | D1: GOAL | E1: INSIDE ON TARGET | F1: INSIDE OFF TARGET | G1: INSIDE BLOCKED | H1: OUTSIDE ON TARGET | I1: OUTSIDE OFF TARGET | J1: OUTSIDE BLOCKED | K1: BIG CHANCES SCORED | L1: BIG CHANCES MISSED | M1: BIG CHANCES CREATED | N1: ASSISTS | O1: PASSES OWN HALF | P1: PASSES OPPS HALF | Q1: ACCURATE PASSES | R1: OPPS HALF ACCURATE PASSES | S1: PROGRESSIVE PASSES | T1: ACCURATE PROGRESSIVE PASSES | U1: CROSSES | V1: ACCURATE CROSSES | W1: KEY PASSES | X1: TOTAL LONG BALLS | Y1: SUCCESSFUL LONG BALLS | Z1: TOTAL OFFENSIVE DUELS | AA1: OFFENSIVE DUELS WON | AB1: TOTAL DEFENSIVE DUELS | AC1: DEFENSIVE DUELS WON | AD1: TOTAL AERIAL DUELS | AE1: AERIAL DUES WON | AF1: TACKLES WON | AG1: TACKLES LOST | AH1: CLEARANCES | AI1: INTERCEPTIONS | AJ1: POSSESION LOST OWN HALF | AK1: POSSESSION LOST OWN HALF LED TO A SHOT | AL1: POSSESSION LOST OPPs HALF | AM1: POSSESSION LOST OPPs HALF LED TO A SHOT | AN1: BALL RECOVERY OWN HALF | AO1: BALL RECOVERY OWN HALF LED TO A SHOT | AP1: BALL RECOVERY OPPs HALF | AQ1: BALL RECOVERY OPPs HALF LED TO A SHOT | AR1: FOULS WON | AS1: FOULS COMMITTED | AT1: PENALTY WON | AU1: PENALTY COMMITTED | AV1: PENALTY SCORED | AW1: PENALTY MISSED | AX1: PENALTY SAVED | AY1: YELLOW CARDS | AZ1: RED CARDS | BA1: SAVES INSIDE THE BOX | BB1: SAVES OUTSIDE THE BOX | BC1: BIG CHANCES SAVED | BD1: GOALS CONCEDED | BE1: Playing Type | BF1: Opponent | BG1: Competition | BH1: Outcome | BI1: Round | BJ1: Game ID
A2: ΤΣΙΜΠΙΡΗΣ | B2: GK | C2: 45 | O2: 9 | P2: 5 | Q2: 10 | R2: 2 | S2: 5 | T2: 2 | X2: 7 | Y2: 2 | BA2: 2 | BD2: 1 | BE2: Βασικος | BF2: Ακριτες Συκεων | BG2: Πρωταθλημα | BH2: Νικη | BI2: 1 | BJ2: 4
A3: ΚΑΚΑΤΑΤΣΙΟΣ | B3: LB | C3: 45 | O3: 5 | P3: 6 | Q3: 11 | R3: 6 | S3: 1 | T3: 1 | U3: 2 | X3: 1 | Y3: 1 | Z3: 1 | AA3: 1 | AB3: 2 | AC3: 1 | AI3: 2 | AN3: 2 | AP3: 1 | AR3: 1 | BD3: 1 | BE3: Βασικος | BF3: Ακριτες Συκεων | BG3: Πρωταθλημα | BH3: Νικη | BI3: 1 | BJ3: 4
A4: ΚΑΛΠΑΚΙΔΗΣ | B4: CB | C4: 94 | O4: 22 | P4: 6 | Q4: 23 | R4: 3 | S4: 10 | T4: 5 | X4: 3 | Y4: 1 | AB4: 1 | AD4: 15 | AE4: 9 | AF4: 3 | AG4: 1 | AH4: 2 | AI4: 5 | AL4: 1 | AN4: 3 | AR4: 1 | AS4: 2 | AY4: 1 | BD4: 1 | BE4: Βασικος | BF4: Ακριτες Συκεων | BG4: Πρωταθλημα | BH4: Νικη | BI4: 1 | BJ4: 4
A5: ΚΑΡΑΓΙΑΝΝΙΔΗΣ | B5: CB | C5: 94 | O5: 18 | P5: 10 | Q5: 24 | R5: 6 | S5: 8 | T5: 4 | X5: 5 | Y5: 1 | AB5: 5 | AC5: 3 | AD5: 1 | AE5: 1 | AF5: 2 | AG5: 1 | AH5: 1 | AI5: 3 | AN5: 3 | AR5: 1 | AS5: 1 | BD5: 1 | BE5: Βασικος | BF5: Ακριτες Συκεων | BG5: Πρωταθλημα | BH5: Νικη | BI5: 1 | BJ5: 4
A6: ΔΑΝΙΔΗΣ | B6: RB | C6: 94 | E6: 1 | O6: 9 | P6: 10 | Q6: 15 | R6: 7 | S6: 6 | T6: 3 | U6: 2 | W6: 1 | X6: 1 | Y6: 1 | Z6: 8 | AA6: 5 | AB6: 5 | AC6: 3 | AD6: 4 | AE6: 1 | AF6: 1 | AH6: 2 | AL6: 3 | AN6: 8 | AR6: 1 | AS6: 3 | AY6: 1 | BD6: 1 | BE6: Βασικος | BF6: Ακριτες Συκεων | BG6: Πρωταθλημα | BH6: Νικη | BI6: 1 | BJ6: 4
A7: ΚΩΤΕΛΗΣ | B7: CM | C7: 58 | I7: 1 | O7: 16 | P7: 6 | Q7: 19 | R7: 5 | S7: 4 | T7: 3 | Z7: 3 | AA7: 1 | AB7: 1 | AD7: 2 | AE7: 1 | AH7: 2 | AI7: 5 | AJ7: 1 | AL7: 1 | AN7: 3 | AQ7: 1 | AR7: 1 | AS7: 2 | AY7: 1 | BD7: 1 | BE7: Βασικος | BF7: Ακριτες Συκεων | BG7: Πρωταθλημα | BH7: Νικη | BI7: 1 | BJ7: 4
A8: ΠΑΠΑΔΟΠΟΥΛΟΣ Σ. | B8: CM | C8: 94 | N8: 1 | O8: 15 | P8: 15 | Q8: 26 | R8: 11 | S8: 9 | T8: 5 | AB8: 1 | AC8: 1 | AD8: 2 | AE8: 2 | AG8: 1 | AI8: 1 | AL8: 4 | AN8: 2 | AP8: 4 | AQ8: 1 | AS8: 2 | AY8: 1 | BD8: 1 | BE8: Βασικος | BF8: Ακριτες Συκεων | BG8: Πρωταθλημα | BH8: Νικη | BI8: 1 | BJ8: 4
A9: ΜΠΑΚΟΥΤΣΗΣ | B9: AM | C9: 94 | H9: 3 | I9: 1 | O9: 4 | P9: 15 | Q9: 13 | R9: 9 | S9: 8 | T9: 5 | U9: 3 | V9: 1 | X9: 1 | Y9: 1 | Z9: 11 | AA9: 5 | AD9: 3 | AE9: 1 | AL9: 13 | AP9: 1 | AR9: 3 | AS9: 2 | AY9: 1 | BD9: 1 | BE9: Βασικος | BF9: Ακριτες Συκεων | BG9: Πρωταθλημα | BH9: Νικη | BI9: 1 | BJ9: 4
A10: ΜΑΝΩΛΗΣ | B10: W | C10: 71 | O10: 5 | P10: 5 | Q10: 8 | R10: 3 | S10: 2 | T10: 2 | U10: 3 | V10: 1 | X10: 1 | Y10: 1 | AB10: 2 | AC10: 1 | AL10: 5 | AP10: 1 | AS10: 1 | BD10: 1 | BE10: Βασικος | BF10: Ακριτες Συκεων | BG10: Πρωταθλημα | BH10: Νικη | BI10: 1 | BJ10: 4
A11: ΑΔΑΜΙΔΗΣ | B11: W | C11: 94 | F11: 2 | G11: 1 | L11: 1 | O11: 4 | P11: 14 | Q11: 15 | R11: 12 | S11: 1 | U11: 1 | Z11: 5 | AA11: 3 | AB11: 3 | AC11: 2 | AD11: 8 | AE11: 6 | AF11: 1 | AI11: 1 | AJ11: 1 | AL11: 8 | AN11: 1 | AP11: 3 | AS11: 3 | BD11: 1 | BE11: Βασικος | BF11: Ακριτες Συκεων | BG11: Πρωταθλημα | BH11: Νικη | BI11: 1 | BJ11: 4
A12: ΘΕΟΔΟΣΙΑΔΗΣ | B12: CF | C12: 58 | N12: 1 | P12: 6 | Q12: 5 | R12: 5 | W12: 1 | Z12: 5 | AA12: 2 | AB12: 1 | AD12: 7 | AE12: 3 | AG12: 1 | AI12: 1 | AJ12: 1 | AL12: 4 | AR12: 2 | AS12: 5 | BD12: 1 | BE12: Βασικος | BF12: Ακριτες Συκεων | BG12: Πρωταθλημα | BH12: Νικη | BI12: 1 | BJ12: 4
A13: ΠΑΝΑΓΙΩΤΟΠΟΥΛΟΣ | B13: GK | C13: 49 | O13: 3 | P13: 11 | Q13: 9 | R13: 6 | S13: 11 | T13: 6 | X13: 11 | Y13: 6 | AY13: 1 | BA13: 2 | BD13: 0 | BE13: Αλλαγη | BF13: Ακριτες Συκεων | BG13: Πρωταθλημα | BH13: Νικη | BI13: 1 | BJ13: 4
A14: ΤΑΣΣΗΣ | B14: LB | C14: 49 | O14: 7 | P14: 7 | Q14: 8 | R14: 3 | S14: 5 | U14: 1 | AB14: 3 | AC14: 3 | AD14: 3 | AE14: 2 | AF14: 2 | AI14: 3 | AL14: 2 | AN14: 3 | AP14: 2 | AR14: 1 | AS14: 2 | BD14: 0 | BE14: Αλλαγη | BF14: Ακριτες Συκεων | BG14: Πρωταθλημα | BH14: Νικη | BI14: 1 | BJ14: 4
A15: ΔΗΜΗΤΡΙΑΔΗΣ | B15: CM | C15: 36 | O15: 4 | P15: 7 | Q15: 9 | R15: 5 | S15: 3 | T15: 1 | AB15: 1 | AD15: 1 | AE15: 1 | AH15: 1 | AL15: 1 | AN15: 1 | AR15: 1 | AS15: 1 | BD15: 0 | BE15: Αλλαγη | BF15: Ακριτες Συκεων | BG15: Πρωταθλημα | BH15: Νικη | BI15: 1 | BJ15: 4
A16: ΑΜΠΕΡΙΑΔΗΣ | B16: CF | C16: 36 | F16: 1 | H16: 1 | L16: 1 | O16: 3 | P16: 11 | Q16: 13 | R16: 10 | S16: 4 | T16: 3 | U16: 1 | W16: 1 | X16: 1 | Y16: 1 | Z16: 5 | AA16: 2 | AD16: 4 | AE16: 3 | AG16: 1 | AH16: 1 | AI16: 1 | AJ16: 1 | AL16: 3 | AN16: 1 | AS16: 3 | BD16: 0 | BE16: Αλλαγη | BF16: Ακριτες Συκεων | BG16: Πρωταθλημα | BH16: Νικη | BI16: 1 | BJ16: 4
A17: ΚΥΡΑΝΑΣ | B17: W | C17: 23 | O17: 2 | P17: 3 | Q17: 4 | R17: 2 | S17: 3 | T17: 2 | X17: 1 | AB17: 1 | AC17: 1 | AD17: 3 | AE17: 1 | AN17: 1 | AS17: 1 | BD17: 0 | BE17: Αλλαγη | BF17: Ακριτες Συκεων | BG17: Πρωταθλημα | BH17: Νικη | BI17: 1 | BJ17: 4

Sheet Sheet3
A1: Opponent | B1: Total Shots Opp | C1: Shots On Target Opp | D1: Shots Off Target Opp | E1: Shots Blocked Opp | F1: Inside the Box Opp | G1: Outside the Box Opp | H1: Big Chances Opp | I1: GK Saves Opp | J1: Game ID
A2: =Sheet1!AS2 -> Ακριτες Συκεων | B2: 12 | C2: 5 | D2: 6 | E2: 1 | F2: 9 | G2: 3 | H2: 3 | I2: 2 | J2: =Sheet1!BC2 -> 4

Sheet Sheet4
A1: Player | B1: Distance | C1: Max Speed | D1: Dist. Speed 20 → 25 (km/h)
A2: Team Average | B2: 7686.4 | C2: 30.3 | D2: 373.3
A3: ΑΔΑΜΙΔΗΣ | B3: 10570 | C3: 33.2 | D3: 485.7
A4: ΑΜΠΕΡΙΑΔΗΣ | B4: 4026.2 | C4: 28.6 | D4: 189.4
A5: ΜΠΑΚΟΥΤΣΗΣ | B5: 10694.1 | C5: 29 | D5: 598.1
A6: ΔΑΝΙΔΗΣ | B6: 10898.1 | C6: 30.5 | D6: 698.9
A7: ΔΗΜΗΤΡΙΑΔΗΣ | B7: 4482.3 | C7: 23.8 | D7: 58.9
A8: ΚΑΚΑΤΑΤΣΙΟΣ | B8: 5434.2 | C8: 31 | D8: 281.2
A9: ΚΑΛΠΑΚΙΔΗΣ | B9: 9760.4 | C9: 33.2 | D9: 357
A10: ΚΑΡΑΓΙΑΝΝΙΔΗΣ | B10: 10214.2 | C10: 32.4 | D10: 429
A11: ΚΩΤΕΛΗΣ | B11: 7632.8 | C11: 30.6 | D11: 315.5
A12: ΚΥΡΑΝΑΣ | B12: 2705.8 | C12: 31.3 | D12: 218.3
A13: ΜΑΝΩΛΗΣ | B13: 9307.5 | C13: 33.3 | D13: 628
... A16: ΘΕΟΔΩΣΙΑΔΗΣ | B16: 6592.7 | C16: 26.5 | D16: 325.1
